product_name,product_id,color,pe,produc_type,product_style,department,category,department_id,price
Nike Metcon 6 AMP,fw1001,699,FTW,Nike Metcon 6 AMP Training Shoe,Nike Metcon 6 AMP,Training Shoe,Training,1,$190 
Nike SuperRep Go 2,fw1002,002,FTW,Nike SuperRep Go 2 Men's Training Shoe,Nike SuperRep Go 2,Men's Training Shoe,Men's,2,$200 
Nike Savaleos,fw1003,372,FTW,Nike Savaleos Weightlifting Shoe,Nike Savaleos,Weightlifting Shoe,Training,1,$150 
Training Shoe Finder,fw1004,878,FTW,Training Shoe Finder,Learn More,Nike Free Metcon 4,Training,1,$170 
Nike Romaleos 4,fw1005,132,FTW,Nike Romaleos 4 Training Shoe,Nike Romaleos 4,Training Shoe,Training,1,$170 
Nike React Metcon Turbo,fw1006,639,FTW,Nike React Metcon Turbo Training Shoe,Nike React Metcon Turbo,Training Shoe,Training,1,$270 
Nike Metcon 6 AMP,fw1007,140,FTW,Nike Metcon 6 AMP Training Shoe,Nike Metcon 6 AMP,Training Shoe,Training,1,$220 
Nike Legend Essential 2,fw1008,910,FTW,Nike Legend Essential 2 Men's Training Shoe,Nike Legend Essential 2,Men's Training Shoe,Training,1,$200 
Nike Air Zoom SuperRep 2 Men's HIIT Class Shoe,fw1009,836,FTW,Nike Air Zoom SuperRep 2,Men's HIIT Class Shoe,,Men's,2,$200 
Nike Metcon 6,fw1010,467,FTW,Nike Metcon 6 Training Shoe,Nike Metcon 6,Training Shoe,Training,1,$170 
Nike SuperRep Cycle,fw1011,594,FTW,Nike SuperRep Cycle Men's Indoor Cycling Shoe,Nike SuperRep Cycle,Men's Indoor Cycling Shoe,Men's,2,$190 
Nike ZoomX SuperRep Surge,fw1012,942,FTW,Nike ZoomX SuperRep Surge Men's Endurance Class Shoe,Nike ZoomX SuperRep Surge,Men's Endurance Class Shoe,Men's,2,$170 
Nike Metcon 6 By You,fw1013,327,FTW,Nike Metcon 6 By You Custom Training Shoe,Nike Metcon 6 By You,Custom Training Shoe,Training,1,$200 
Nike Free Metcon 4,fw1014,887,FTW,Nike Free Metcon 4 Training Shoe,Nike Free Metcon 4,Training Shoe,Training,1,$220 
Nike Metcon 6 Premium,fw1015,621,FTW,Nike Metcon 6 Premium Training Shoe,Nike Metcon 6 Premium,Training Shoe,Training,1,$170 
Nike MC Trainer,fw1016,902,FTW,Nike MC Trainer Men's Training Shoe,Nike MC Trainer,Men's Training Shoe,Men's,2,$200 
Nike Metcon 6,fw1017,989,FTW,Nike Metcon 6 Men's Training Shoe,Nike Metcon 6,Men's Training Shoe,Men's,2,$100 
Nike SpeedRep,fw1018,131,FTW,Nike SpeedRep Men's Training Shoe,Nike SpeedRep,Men's Training Shoe,Men's,2,$190 
Nike Air Max Alpha Trainer 4,fw1019,725,FTW,Nike Air Max Alpha Trainer 4 Men's Training Shoe,Nike Air Max Alpha Trainer 4,Men's Training Shoe,Men's,2,$130 
Nike Air Zoom SuperRep 2 Premium,fw1020,153,FTW,Nike Air Zoom SuperRep 2 Premium HIIT Class Shoe,Nike Air Zoom SuperRep 2 Premium,HIIT Class Shoe,Training,1,$130 
Nike Metcon 6 By You,fw1021,313,FTW,Nike Metcon 6 By You Custom Training Shoe,Nike Metcon 6 By You,Custom Training Shoe,Training,1,$190 
Nike ZoomX SuperRep Surge,fw1022,776,FTW,Nike ZoomX SuperRep Surge Men's Endurance Class Shoe,Nike ZoomX SuperRep Surge,Men's Endurance Class Shoe,Men's,2,$220 
Nike SuperRep Go 2,fw1023,946,FTW,Nike SuperRep Go 2 Men's Training Shoe,Nike SuperRep Go 2,Men's Training Shoe,Men's,2,$200 
Nike Free Metcon 4,fw1024,719,FTW,Nike Free Metcon 4 Training Shoe,Nike Free Metcon 4,Training Shoe,Training,1,$150 
Nike Air Zoom SuperRep 2,fw1025,631,FTW,Nike Air Zoom SuperRep 2 Men's HIIT Class Shoe,Nike Air Zoom SuperRep 2,Men's HIIT Class Shoe,Men's,2,$170 
Nike Metcon 6,fw1026,367,FTW,Nike Metcon 6 Training Shoe,Nike Metcon 6,Training Shoe,Training,1,$170 
Nike Air Monarch IV,fw1027,048,FTW,Nike Air Monarch IV Men's Training Shoe,Nike Air Monarch IV,Men's Training Shoe,Men's,2,$190 
Nike Air Monarch IV,fw1028,404,FTW,Related Categories,Metcon Shoes,Men's Dri-FIT Training & Gym Shorts,Men's,2,$80.99 
Nike SB Zoom Blazer Mid Premium Skate Shoe,fw1029,941,FTW,Nike SB Zoom Blazer Mid Premium,Skate Shoe,,Training,1,$170 
Nike SB BLZR Court,fw1030,832,FTW,Nike SB BLZR Court Skate Shoe,Nike SB BLZR Court,Skate Shoe,Training,1,$170 
Nike SB Zoom Blazer Low Pro GT,fw1031,323,FTW,Nike SB Zoom Blazer Low Pro GT Skate Shoe,Nike SB Zoom Blazer Low Pro GT,Skate Shoe,Training,1,$100 
Nike SB Air Zoom Janoski RM By You,fw1032,788,FTW,Nike SB Air Zoom Janoski RM By You Custom Skate Shoe,Nike SB Air Zoom Janoski RM By You,Custom Skate Shoe,Training,1,$120 
Nike SB Zoom Blazer Mid Edge,fw1033,407,FTW,Nike SB Zoom Blazer Mid Edge Skate Shoe,Nike SB Zoom Blazer Mid Edge,Skate Shoe,Training,1,$160 
Nike SB Zoom Stefan Janoski RM,fw1034,191,FTW,Nike SB Zoom Stefan Janoski RM Skate Shoe,Nike SB Zoom Stefan Janoski RM,Skate Shoe,Training,1,$150 
Nike SB Charge Canvas,fw1035,525,FTW,Nike SB Charge Canvas Skate Shoe,Nike SB Charge Canvas,Skate Shoe,Training,1,$130 
Nike SB Air Zoom Janoski RM By You Custom Skate Shoe,fw1036,610,FTW,Nike SB Air Zoom Janoski RM By You,Custom Skate Shoe,,Men's,2,$160 
Nike SB Chron Solarsoft,fw1037,979,FTW,Nike SB Chron Solarsoft Skate Shoe,Nike SB Chron Solarsoft,Skate Shoe,Training,1,$160 
Nike SB Dunk Low Pro,fw1038,480,FTW,Nike SB Dunk Low Pro Skate Shoe,Launching in SNEAKRS,Nike SB Dunk Low Pro,Training,1,$105 
Nike SB BLZR Court DVDL,fw1039,469,FTW,Nike SB BLZR Court DVDL Skate Shoe,Nike SB BLZR Court DVDL,Skate Shoe,Training,1,$220 
Nike SB Zoom Blazer Mid,fw1040,605,FTW,Nike SB Zoom Blazer Mid Skate Shoe,Nike SB Zoom Blazer Mid,Skate Shoe,Training,1,$120 
Nike SB Zoom Stefan Janoski FL RM,fw1041,392,FTW,Nike SB Zoom Stefan Janoski FL RM Skate Shoe,Nike SB Zoom Stefan Janoski FL RM,Skate Shoe,Training,1,$120 
Nike SB Shane,fw1042,589,FTW,Nike SB Shane Skate Shoe,Nike SB Shane,Skate Shoe,Training,1,$140 
Nike SB Zoom Verona Slip,fw1043,532,FTW,Nike SB Zoom Verona Slip Skate Shoe,Nike SB Zoom Verona Slip,Skate Shoe,Training,1,$115 
Nike SB Heritage Vulc,fw1044,416,FTW,Nike SB Heritage Vulc Skate Shoe,Nike SB Heritage Vulc,Skate Shoe,Training,1,$120 
Nike SB Bruin React,fw1045,619,FTW,Nike SB Bruin React Skate Shoe,Nike SB Bruin React,Skate Shoe,Training,1,$110 
Nike Sportswear,fw1046,042,FTW,Nike Air Zoom Pegasus 38 FlyEase Women's Running Shoe,Nike Air Zoom Pegasus 38 FlyEase,Women's Running Shoe,Women's,3,$94.99 
Nike Air Zoom Pegasus 38 FlyEase,fw1047,884,FTW,Nike Air Zoom Pegasus 38 FlyEase Women's Running Shoe,Nike Air Zoom Pegasus 38 FlyEase,Women's Running Shoe,Women's,3,$180 
Nike Pegasus Trail 3,fw1048,244,FTW,Nike Pegasus Trail 3 Women's Trail Running Shoe,Nike Pegasus Trail 3,Women's Trail Running Shoe,Women's,3,$180 
Nike Air Zoom Terra Kiger 7,fw1049,008,FTW,Nike Air Zoom Terra Kiger 7 Women's Trail Running Shoe,Nike Air Zoom Terra Kiger 7,Women's Trail Running Shoe,Women's,3,$190 
Nike Wildhorse 7,fw1050,184,FTW,Nike Wildhorse 7 Women's Trail Running Shoe,Nike Wildhorse 7,Women's Trail Running Shoe,Women's,3,$200 
Nike ZoomX Vaporfly Next% 2,fw1051,912,FTW,Nike ZoomX Vaporfly Next% 2 Women's Racing Shoe,Nike ZoomX Vaporfly Next% 2,Women's Racing Shoe,Women's,3,$170 
Nike Air Zoom Alphafly NEXT%,acc1001,695,EQP,Nike Air Zoom Alphafly NEXT% Women's Racing Shoe,Nike Air Zoom Alphafly NEXT%,Women's Racing Shoe,Women's,3,$310 
Nike ZoomX Invincible Run Flyknit,acc1002,645,EQP,Nike ZoomX Invincible Run Flyknit Women's Running Shoe,Nike ZoomX Invincible Run Flyknit,Women's Running Shoe,Women's,3,$370 
Nike React Infinity Run Flyknit 2,acc1003,785,EQP,Nike React Infinity Run Flyknit 2 Women's Running Shoe,Nike React Infinity Run Flyknit 2,Women's Running Shoe,Women's,3,$250 
Nike Revolution 5 PRM,acc1004,284,EQP,Nike Revolution 5 PRM Women's Running Shoe,Nike Revolution 5 PRM,Women's Running Shoe,Women's,3,$240 
Nike Air Zoom Vomero 15,acc1005,608,EQP,Nike Air Zoom Vomero 15 Women's Running Shoe,Nike Air Zoom Vomero 15,Women's Running Shoe,Women's,3,$110 
Nike ZoomX Vaporfly NEXT%,acc1006,401,EQP,Nike ZoomX Vaporfly NEXT% Running Shoe,Nike ZoomX Vaporfly NEXT%,Running Shoe,Men's,2,$230 
Nike Revolution 5,acc1007,755,EQP,Nike Revolution 5 Women's Running Shoe,Nike Revolution 5,Women's Running Shoe,Women's,3,$320 
Nike ZoomX Vaporfly NEXT%,acc1008,856,EQP,Nike ZoomX Vaporfly NEXT% Running Shoe,Nike ZoomX Vaporfly NEXT%,Running Shoe,Men's,2,$100 
Nike Downshifter 10,acc1009,360,EQP,Nike Downshifter 10 Women's Running Shoe,Nike Downshifter 10,Women's Running Shoe,Women's,3,$320 
Nike Downshifter 11,acc1010,754,EQP,Nike Downshifter 11 Women's Running Shoe,Nike Downshifter 11,Women's Running Shoe,Women's,3,$100 
Nike React Infinity Run Flyknit 2,acc1011,561,EQP,Nike React Infinity Run Flyknit 2 Women's Running Shoe,Nike React Infinity Run Flyknit 2,Women's Running Shoe,Women's,3,$100 
Nike Flex Experience Run 10,acc1012,767,EQP,Nike Flex Experience Run 10 Women's Running Shoe,Nike Flex Experience Run 10,Women's Running Shoe,Women's,3,$230 
Nike React Infinity Run Flyknit,acc1013,905,EQP,Nike React Infinity Run Flyknit Women's Running Shoe,Nike React Infinity Run Flyknit,Women's Running Shoe,Women's,3,$100 
Nike Renew Run 2,acc1014,416,EQP,Nike Renew Run 2 Women's Running Shoe,Nike Renew Run 2,Women's Running Shoe,Women's,3,$230 
Nike React Escape Run,acc1015,661,EQP,Nike React Escape Run Women's Running Shoe,Nike React Escape Run,Women's Running Shoe,Women's,3,$130 
Nike React Miler 2 By You,acc1016,715,EQP,Nike React Miler 2 By You Custom Running Shoe,Nike React Miler 2 By You,Custom Running Shoe,Men's,2,$150 
Nike React Miler 2,acc1017,585,EQP,Nike React Miler 2 Women's Road Running Shoe,Nike React Miler 2,Women's Road Running Shoe,Women's,3,$220 
Nike Air Zoom Pegasus 38 By You,acc1018,766,EQP,Nike Air Zoom Pegasus 38 By You Custom Running Shoe,Nike Air Zoom Pegasus 38 By You,Custom Running Shoe,Men's,2,$190 
Nike Revolution 5,acc1019,960,EQP,Nike Revolution 5 Women's Running Shoe,Nike Revolution 5,Women's Running Shoe,Women's,3,$200 
Nike React Infinity Run Flyknit 2 By You,acc1020,883,EQP,Nike React Infinity Run Flyknit 2 By You Custom Running Shoe,Nike React Infinity Run Flyknit 2 By You,Custom Running Shoe,Men's,2,$100 
Nike React Escape Run,acc1021,359,EQP,Nike React Escape Run Women's Running Shoe,Nike React Escape Run,Women's Running Shoe,Women's,3,$250 
Nike Quest 3,acc1022,012,EQP,Nike Quest 3 Women's Running Shoe,Nike Quest 3,Women's Running Shoe,Women's,3,$150 
Nike Pegasus Trail 2,acc1023,706,EQP,Nike Pegasus Trail 2 Women's Trail Running Shoe,Nike Pegasus Trail 2,Women's Trail Running Shoe,Women's,3,$110 
Nike Zoom Rival S 9,acc1024,052,EQP,Nike Zoom Rival S 9 Racing Spike,Nike Zoom Rival S 9,Racing Spike,Men's,2,$190 
Nike Air Zoom Pegasus 37,acc1025,742,EQP,Nike Air Zoom Pegasus 37 Women's Running Shoe,Nike Air Zoom Pegasus 37,Women's Running Shoe,Women's,3,$100 
Nike Air Zoom Tempo NEXT%,acc1026,399,EQP,Nike Air Zoom Tempo NEXT% Women's Running Shoe,Nike Air Zoom Tempo NEXT%,Women's Running Shoe,Women's,3,$180 
Nike Renew Run,acc1027,105,EQP,Nike Renew Run Women's Running Shoe,Nike Renew Run,Women's Running Shoe,Women's,3,$270 
Nike Downshifter 9,acc1028,518,EQP,Nike Downshifter 9 Women's Running Shoe,Nike Downshifter 9,Women's Running Shoe,Women's,3,$120 
Nike Internationalist By You,acc1029,782,EQP,Nike Internationalist By You Custom Women's Shoe,Nike Internationalist By You,Custom Women's Shoe,Men's,2,$100 
Nike Air Zoom Alphafly NEXT% Eliud,acc1030,446,EQP,Nike Air Zoom Alphafly NEXT% Eliud Women's Racing Shoe,Nike Air Zoom Alphafly NEXT% Eliud,Women's Racing Shoe,Women's,3,$170 
Nike Downshifter 10,acc1031,583,EQP,Nike Downshifter 10 Women's Running Shoe,Nike Downshifter 10,Women's Running Shoe,Women's,3,$370 
Nike Revolution 4,acc1032,566,EQP,Nike Revolution 4 Women's Running Shoe,Nike Revolution 4,Women's Running Shoe,Women's,3,$100 
Nike Air Zoom Tempo NEXT% FlyEase,acc1033,884,EQP,Nike Air Zoom Tempo NEXT% FlyEase Women's Running Shoe,Nike Air Zoom Tempo NEXT% FlyEase,Women's Running Shoe,Women's,3,$100 
Nike Zoom Rival D 10,acc1034,060,EQP,Nike Zoom Rival D 10 Unisex Track Spike,Nike Zoom Rival D 10,Unisex Track Spike,Training,1,$270 
Nike Quest 3 Premium,acc1035,387,EQP,Nike Quest 3 Premium Women's Running Shoe,Nike Quest 3 Premium,Women's Running Shoe,Women's,3,$100 
Nike Juniper Trail,acc1036,829,EQP,Nike Juniper Trail Women's Trail Shoe,Nike Juniper Trail,Women's Trail Shoe,Women's,3,$120 
Nike Air Zoom Structure 23,acc1037,772,EQP,Nike Air Zoom Structure 23 Women's Running Shoe,Nike Air Zoom Structure 23,Women's Running Shoe,Women's,3,$120 
Nike React Miler,acc1038,034,EQP,Nike React Miler Women's Running Shoe,Nike React Miler,Women's Running Shoe,Women's,3,$200 
Nike Flex RN 2018,acc1039,537,EQP,Nike Flex RN 2018 Women's Running Shoe,Nike Flex RN 2018,Women's Running Shoe,Women's,3,$190 
Nike Sportswear,acc1040,986,EQP,Nike Todos RN,Nike Todos RN Women's Shoe,Nike Todos RN,Training,1,$84.99 
Nike React Miler Shield,acc1041,323,EQP,Nike React Miler Shield Women's Running Shoe,Nike React Miler Shield,Women's Running Shoe,Women's,3,$72.99 
Nike Sportswear,acc1042,452,EQP,Nike Epic React Flyknit 2,Nike Epic React Flyknit 2 Women's Running Shoe,Nike Epic React Flyknit 2,Men's,2,$147.99 
Nike One,acc1043,698,EQP,Nike Zoom Matumbo 3,Nike Zoom Matumbo 3 Racing Spike,Nike Zoom Matumbo 3,Men's,2,$154.99 
Nike Sportswear,acc1044,856,EQP,Nike Quest 2,Nike Quest 2 Women's Running Shoe,Nike Quest 2,Men's,2,$154.99 
Nike Dri-FIT One,acc1045,693,EQP,Nike Flex Experience Run 9,Nike Flex Experience Run 9 Women's Running Shoe,Nike Flex Experience Run 9,Men's,2,$77.99 
Gear to Boost Your Routine,acc1046,767,EQP,Related Categories,,,Men's,2,$80.99 
Nike Sportswear,acc1047,837,EQP,Nike Sportswear Women's 1/4-Zip Fleece,Nike Sportswear,Women's 1/4-Zip Fleece,Men's,2,$190 
Nike One,acc1048,120,EQP,Nike One Women's Mid-Rise Crop Leggings,Sustainable Materials,Nike One,Training,1,$190 
Nike Sportswear,acc1049,047,EQP,Nike Sportswear Women's Fleece Hoodie,Nike Sportswear,Women's Fleece Hoodie,Women's,3,$84.99 
Nike Dri-FIT One,acc1050,772,EQP,Nike Dri-FIT One Women's Mid-Rise Leggings,Sustainable Materials,Nike Dri-FIT One,Men's,2,$72.99 
Gear to Boost Your Routine,acc1051,526,EQP,Gear to Boost Your Routine,Shop,Nike Sportswear Essential,Men's,2,$147.99 
Nike One Icon Clash,acc1052,133,EQP,Nike One Icon Clash Women's Mid-Rise 7/8 Graphic Leggings,Sustainable Materials,Nike One Icon Clash,Men's,2,$154.99 
Nike Swoosh Run,acc1053,583,EQP,Nike Swoosh Run Women's Mid-Rise 7/8 Running Leggings,Sustainable Materials,Nike Swoosh Run,Men's,2,$154.99 
Nike Air Epic Fast,acc1054,631,EQP,Nike Air Epic Fast Women's High-Rise 7/8 Printed Running Leggings,Sustainable Materials,Nike Air Epic Fast,Men's,2,$77.99 
Nike Air,acc1055,949,EQP,Nike Air Women's High-Waisted Leggings,Nike Air,Women's High-Waisted Leggings,Men's,2,$80.99 
Nike Pro,acc1056,440,EQP,Nike Pro Women's Mid-Rise Leggings,Sustainable Materials,Nike Pro,Men's,2,$190 
Nike Pro 365,acc1057,738,EQP,Nike Pro 365 Women's High-Rise 7/8 Leggings,Sustainable Materials,Nike Pro 365,Men's,2,$84.99 
Paris Saint-Germain Strike,acc1058,091,EQP,Paris Saint-Germain Strike Women's Nike Dri-FIT Football Drill Top,Paris Saint-Germain Strike,Women's Nike Dri-FIT Football Drill Top,Women's,3,$72.99 
Paris Saint-Germain Strike,acc1059,094,EQP,Paris Saint-Germain Strike Women's Nike Dri-FIT Football Shorts,Paris Saint-Germain Strike,Women's Nike Dri-FIT Football Shorts,Women's,3,$147.99 
Paris Saint-Germain 2021/22 Stadium Home,acc1060,121,EQP,Paris Saint-Germain 2021/22 Stadium Home Over-the-Calf Football Socks,Paris Saint-Germain 2021/22 Stadium Home,Over-the-Calf Football Socks,Women's,3,$154.99 
Paris Saint-Germain Strike,acc1061,418,EQP,Paris Saint-Germain Strike Women's Nike Dri-FIT Short-Sleeve Football Top,Paris Saint-Germain Strike,Women's Nike Dri-FIT Short-Sleeve Football Top,Women's,3,$154.99 
Paris Saint-Germain Strike,acc1062,421,EQP,Paris Saint-Germain Strike Women's Nike Dri-FIT Football Pants,Paris Saint-Germain Strike,Women's Nike Dri-FIT Football Pants,Women's,3,$77.99 
Chelsea F.C.,acc1063,881,EQP,Chelsea F.C. Women's Football Jacket,Chelsea F.C.,Women's Football Jacket,Women's,3,$80.99 
Liverpool F.C. 2021/22 Stadium Home,acc1064,503,EQP,Liverpool F.C. 2021/22 Stadium Home Over-the-Calf Football Socks,Liverpool F.C. 2021/22 Stadium Home,Over-the-Calf Football Socks,Women's,3,$125 
Liverpool F.C. 2021/22 Stadium Home Women's Football Shirt,acc1065,217,EQP,Liverpool F.C. 2021/22 Stadium Home,Women's Football Shirt,,Women's,3,$125 
NOCTA Cardinal Stock,acc1066,258,EQP,NOCTA Cardinal Stock Cap,Available in SNEAKRS,NOCTA Cardinal Stock,Women's,3,$125 
Nike x MMW Bodysuit,app1001,201,APP,Nike x MMW,Bodysuit,,Training,1,$125 
Nike x MMW,app1002,364,APP,Nike x MMW 3-In-1 Top,Nike x MMW,3-In-1 Top,Training,1,$290 
Nike x MMW,app1003,564,APP,Nike x MMW Mid-Rise Leggings,Nike x MMW,Mid-Rise Leggings,Training,1,$260 
Nike One Femme,app1004,114,APP,"Nike One Femme Women's 7"" (18cm approx.) Shorts",Nike One Femme,"Women's 7"" (18cm approx.) Shorts",Women's,3,$160 
Nike Femme Elastika,app1005,417,APP,Nike Femme Elastika Women's Training Tank,Nike Femme Elastika,Women's Training Tank,Women's,3,$125 
Nike Sportswear Femme,app1006,309,APP,Nike Sportswear Femme Women's Dress,Nike Sportswear Femme,Women's Dress,Women's,3,$125 
Nike Sportswear Femme,app1007,428,APP,Nike Sportswear Femme Women's Dress,Nike Sportswear Femme,Women's Dress,Women's,3,$290 
Nike Sportswear Femme,app1008,025,APP,Nike Sportswear Femme Women's Dress (Plus size),Extended Sizes,Nike Sportswear Femme,Men's,2,$260 
Nike Sportswear Femme,app1009,143,APP,Nike Sportswear Femme Women's 1/4-Zip,Nike Sportswear Femme,Women's 1/4-Zip,Men's,2,$160 
Nike Sportswear Femme,app1010,994,APP,Nike Sportswear Femme Women's Jacket,Sustainable Materials,Nike Sportswear Femme,Men's,2,$115 
Nike Sportswear,app1011,113,APP,Nike Sportswear Women's Short-Sleeve Top,Nike Sportswear,Women's Short-Sleeve Top,Women's,3,$115 
Nike Sportswear Femme,app1012,870,APP,Nike Sportswear Femme Women's Shorts,Sustainable Materials,Nike Sportswear Femme,Men's,2,$125 
NikeCourt Dri-FIT ADV Slam,app1013,863,APP,NikeCourt Dri-FIT ADV Slam Women's Tennis Skirt,NikeCourt Dri-FIT ADV Slam,Women's Tennis Skirt,Women's,3,$125 
NikeCourt Dri-FIT,app1014,373,APP,NikeCourt Dri-FIT Women's Tennis T-Shirt,NikeCourt Dri-FIT,Women's Tennis T-Shirt,Women's,3,$290 
NikeCourt Dri-FIT ADV Slam,app1015,471,APP,NikeCourt Dri-FIT ADV Slam Women's Tennis Dress,Sustainable Materials,NikeCourt Dri-FIT ADV Slam,Training,1,$260 
Nike Pro,app1016,152,APP,Nike Pro,Nike Pro Women's Tank,Nike Pro,Training,1,$160 
NikeCourt Dri-FIT ADV Slam,app1017,118,APP,NikeCourt Dri-FIT ADV Slam Women's Tennis Tank,Sustainable Materials,NikeCourt Dri-FIT ADV Slam,Training,1,$125 
NikeCourt Multiplier Max,app1018,659,APP,NikeCourt Multiplier Max Tennis Crew Socks (2 Pairs),NikeCourt Multiplier Max,Tennis Crew Socks (2 Pairs),Training,1,$125 
Nike Pro,app1019,660,APP,Nike Pro Women's High-Waisted 7/8 Leggings,Nike Pro,Women's High-Waisted 7/8 Leggings,Women's,3,$290 
Paris Saint-Germain,app1020,935,APP,Paris Saint-Germain Women's Solid Short-Sleeve Top,Paris Saint-Germain,Women's Solid Short-Sleeve Top,Women's,3,$260 
Paris Saint-Germain,app1021,969,APP,Paris Saint-Germain Women's Woven Shorts,Paris Saint-Germain,Women's Woven Shorts,Women's,3,$160 
Paris Saint-Germain,app1022,488,APP,Paris Saint-Germain Women's Woven Jacket,Paris Saint-Germain,Women's Woven Jacket,Women's,3,$115 
Paris Saint-Germain,app1023,782,APP,Paris Saint-Germain,Paris Saint-Germain Women's Short-Sleeve Printed Top,Paris Saint-Germain,Men's,2,$115 
Paris Saint-Germain,app1024,670,APP,Paris Saint-Germain Women's Printed Shorts,Paris Saint-Germain,Women's Printed Shorts,Women's,3,$115 
Paris Saint-Germain Home,app1025,422,APP,Paris Saint-Germain Home Women's Pre-Match Short-Sleeve Football Top,Paris Saint-Germain Home,Women's Pre-Match Short-Sleeve Football Top,Women's,3,$115 
Paris Saint-Germain 2021/22 Stadium Home,app1026,866,APP,Paris Saint-Germain 2021/22 Stadium Home Women's Football Shirt,Sustainable Materials,Paris Saint-Germain 2021/22 Stadium Home,Training,1,$115 
Paris Saint-Germain 2021/22 Match Home,app1027,172,APP,Paris Saint-Germain 2021/22 Match Home Women's Nike Dri-FIT ADV Football Shirt,Sustainable Materials,Paris Saint-Germain 2021/22 Match Home,Training,1,$105 
Paris Saint-Germain,app1028,673,APP,Paris Saint-Germain Women's Anthem Jacket,Paris Saint-Germain,Women's Anthem Jacket,Women's,3,$170 
Chelsea F.C. 2021/22 Stadium Home,app1029,393,APP,Chelsea F.C. 2021/22 Stadium Home Women's Football Shirt,Sustainable Materials,Chelsea F.C. 2021/22 Stadium Home,Training,1,$165 
Chelsea F.C. 2021/22 Stadium Home,app1030,865,APP,Chelsea F.C. 2021/22 Stadium Home Over-the-Calf Football Socks,Chelsea F.C. 2021/22 Stadium Home,Over-the-Calf Football Socks,Training,1,$105 
Nike Sportswear,app1031,601,APP,Nike Sportswear Women's Hoodie,Nike Sportswear,Women's Hoodie,Women's,3,$125 
Nike F.C. Germany,app1032,706,APP,Nike F.C. Germany Women's Full-Zip Football Jacket,Nike F.C. Germany,Women's Full-Zip Football Jacket,Women's,3,$290 
Nike F.C. Germany,app1033,779,APP,Nike F.C. Germany Women's Football Shorts,Nike F.C. Germany,Women's Football Shorts,Women's,3,$260 
Nike F.C. Away Germany,app1034,277,APP,Nike F.C. Away Germany Football Shirt,Nike F.C. Away Germany,Football Shirt,Training,1,$160 
Nike Sportswear,app1035,395,APP,Nike Sportswear Women's Trousers,Nike Sportswear,Women's Trousers,Women's,3,$125 
Nike F.C. SNEAKR Sox Germany,app1036,467,APP,Nike F.C. SNEAKR Sox Germany Graphic Football Crew Socks,Nike F.C. SNEAKR Sox Germany,Graphic Football Crew Socks,Men's,2,$125 
Naomi Osaka,app1037,739,APP,Naomi Osaka Women's Tennis Dress,Naomi Osaka,Women's Tennis Dress,Women's,3,$290 
NikeLab,app1038,343,APP,Nike F.C. Home Germany,Nike F.C. Home Germany Football Shirt,Nike F.C. Home Germany,Men's,2,$260 
NikeCourt Victory,app1039,763,APP,NikeCourt Victory Women's Tennis Tank,Sustainable Materials,NikeCourt Victory,Training,1,$160 
Nike Yoga,app1040,634,APP,Nike Yoga Women's High-Waisted Crop Gingham Leggings,Sustainable Materials,Nike Yoga,Training,1,$115 
NikeLab,app1041,127,APP,NikeLab Women's Fleece Pants,NikeLab,Women's Fleece Pants,Women's,3,$115 
NikeLab,app1042,029,APP,Nike Dri-FIT Indy,Nike Dri-FIT Indy Women's Light-Support Padded V-Neck Sports Bra,Sustainable Materials,Men's,2,$125 
Paris Saint-Germain Strike Elite Home,app1043,648,APP,Paris Saint-Germain Strike Elite Home Women's Nike Dri-FIT ADV Football Drill Top,Paris Saint-Germain Strike Elite Home,Women's Nike Dri-FIT ADV Football Drill Top,Women's,3,$125 
NikeCourt Victory,app1044,553,APP,Nike One Luxe,Nike One Luxe Women's Mid-Rise Ribbed Leggings,Nike One Luxe,Men's,2,$290 
NikeCourt Victory,app1045,314,APP,Nike Luxe,Nike Luxe Women's Cropped Ribbed Training Tank,Nike Luxe,Women's,3,$260 
Liverpool F.C.,app1046,833,APP,Liverpool F.C. Women's T-Shirt,Liverpool F.C.,Women's T-Shirt,Women's,3,$160 
Liverpool F.C.,app1047,213,APP,Liverpool F.C. Women's Football T-Shirt,Liverpool F.C.,Women's Football T-Shirt,Women's,3,$125 
Nike Sportswear,app1048,514,APP,Nike Sportswear Women's Printed Crop Tank,Nike Sportswear,Women's Printed Crop Tank,Women's,3,$125 
Nike Air,app1049,084,APP,Nike Air Women's Hoodie,Nike Air,Women's Hoodie,Women's,3,$290 
Jordan Essentials,app1050,656,APP,Jordan Essentials Women's Diamond Shorts,Jordan Essentials,Women's Diamond Shorts,Women's,3,$260 
Nike Everyday Lightweight,app1051,206,APP,Nike Everyday Lightweight Training Ankle Socks (3 Pairs),Nike Everyday Lightweight,Training Ankle Socks (3 Pairs),Men's,2,$160 
Nike Sportswear Icon Clash,app1052,055,APP,Nike Sportswear Icon Clash Women's Jacket (Plus size),Extended Sizes,Nike Sportswear Icon Clash,Men's,2,$115 
NikeCourt Victory,app1053,970,APP,Nike Pro 365,Nike Pro 365 Women's 13cm (approx.) Shorts,Sustainable Materials,Men's,2,$115 
Nike Yoga Pointelle,app1054,683,APP,Nike Yoga Pointelle Women's Tank,Nike Yoga Pointelle,Women's Tank,Women's,3,$115 
Nike Run Division,app1055,792,APP,Nike Run Division Women's Engineered Running Tank,Nike Run Division,Women's Engineered Running Tank,Women's,3,$115 
Korea 2020 Stadium Away,app1056,088,APP,Korea 2020 Stadium Away Women's Football Shirt,Sustainable Materials,Korea 2020 Stadium Away,Training,1,$115 
NikeCourt Victory,app1057,671,APP,Nike Eclipse,Nike Eclipse Women's 2-in-1 Running Shorts,Sustainable Materials,Women's,3,$105 
NikeCourt Victory,app1058,925,APP,NikeCourt Victory Women's Tennis Skirt (Plus Size),Extended Sizes,NikeCourt Victory,Men's,2,$170 
Nike Dri-FIT Victory,app1059,324,APP,Nike Dri-FIT Victory Women's Golf Polo,Sustainable Materials,Nike Dri-FIT Victory,Men's,2,$165 
Nike Tempo Luxe Run Division,app1060,470,APP,Nike Tempo Luxe Run Division Women's 2-in-1 Running Shorts,Sustainable Materials,Nike Tempo Luxe Run Division,Men's,2,$105 
Nike Sportswear,app1061,522,APP,Nike Sportswear Women's Crew,Sustainable Materials,Nike Sportswear,Men's,2,$125 
Nike Dri-FIT Swoosh Icon Clash,app1062,138,APP,Nike Dri-FIT Swoosh Icon Clash Women's Medium-Support 1-Piece Pad V-Neck Sports Bra,Sustainable Materials,Nike Dri-FIT Swoosh Icon Clash,Men's,2,$290 
Nike Sportswear Tech Fleece,app1063,741,APP,Nike Sportswear Tech Fleece Women's Trousers,Nike Sportswear Tech Fleece,Women's Trousers,Men's,2,$260 
Nike Breathe Cool,app1064,819,APP,England,England Women's 1/4-Zip Football Top,England,Men's,2,$160 
Nike Sportswear Icon Clash,app1065,049,APP,Nike Sportswear Icon Clash Women's Shorts,Nike Sportswear Icon Clash,Women's Shorts,Women's,3,$125 
Nike Sportswear,app1066,096,APP,Nike Sportswear Women's Long-Sleeve Mock-Neck Top,Nike Sportswear,Women's Long-Sleeve Mock-Neck Top,Women's,3,$125 
Nigeria 2020 Stadium Away,app1067,844,APP,Nigeria 2020 Stadium Away Women's Football Shirt,Sustainable Materials,Nigeria 2020 Stadium Away,Training,1,$290 
Nike Breathe Cool,app1068,367,APP,Nike Sportswear Down-Fill,Nike Sportswear Down-Fill Women's Parka,Nike Sportswear Down-Fill,Training,1,$260 
Nike Breathe Cool,app1069,180,APP,Nike Icon Clash,Nike Icon Clash Women's Running Shorts,Nike Icon Clash,Training,1,$160 
Jordan Flight,app1070,114,APP,Jordan Flight Women's Fleece Pullover Hoodie,Jordan Flight,Women's Fleece Pullover Hoodie,Training,1,$115 
Nike Breathe Cool,app1071,483,APP,Nike Essential,Nike Essential Women's Running Jacket,Nike Essential,Training,1,$115 
Nike Breathe Cool,app1072,930,APP,Nike Sportswear,Nike Sportswear Women's Washed Dress,Nike Sportswear,Training,1,$125 
Nike Pro,app1073,882,APP,Nike Pro Women's High-Waisted Crop Space-Dye Leggings,Sustainable Materials,Nike Pro,Training,1,$125 
Nike Sportswear Essential,app1074,633,APP,Nike Sportswear Essential Women's Graphic French Terry Pullover Hoodie,Nike Sportswear Essential,Women's Graphic French Terry Pullover Hoodie,Women's,3,$290 
Nike Academy,app1075,838,APP,Nike Academy Over-The-Calf Football Socks,Nike Academy,Over-The-Calf Football Socks,Men's,2,$260 
Nike Squad,app1076,906,APP,Nike Squad Crew Socks,Nike Squad,Crew Socks,Men's,2,$160 
Croatia 2020 Stadium Away,app1077,382,APP,Croatia 2020 Stadium Away Women's Football Shirt,Croatia 2020 Stadium Away,Women's Football Shirt,Women's,3,$125 
Nike Breathe Cool,app1078,942,APP,Nike Dri-FIT Fast,Nike Dri-FIT Fast Women's 18cm (approx.) Mid-Rise Running Shorts,Sustainable Materials,Men's,2,$125 
Nike Everyday Lightweight,app1079,140,APP,Nike Everyday Lightweight Training Crew Socks (3 Pairs),Nike Everyday Lightweight,Training Crew Socks (3 Pairs),Men's,2,$290 
Nike Essential,app1080,156,APP,Nike Essential Women's 7/8 Running Trousers,Nike Essential,Women's 7/8 Running Trousers,Training,1,$260 
Nike Sportswear Swoosh,app1081,625,APP,Nike Sportswear Swoosh Women's Hoodie (Plus size),Extended Sizes,Nike Sportswear Swoosh,Training,1,$160 
Nike Epic Fast,app1082,691,APP,Nike Epic Fast Women's Mid-Rise 7/8 Running Leggings (Plus Size),Extended Sizes,Nike Epic Fast,Training,1,$115 
Nike Sportswear,app1083,821,APP,Nike Sportswear Women's Woven Shorts (Plus Size),Extended Sizes,Nike Sportswear,Training,1,$115 
Nike Swoosh Fly,app1084,396,APP,Nike Swoosh Fly Women's Basketball Trousers,Sustainable Materials,Nike Swoosh Fly,Men's,2,$115 
Nike Sportswear,app1085,529,APP,Nike Sportswear Women's Shorts,Sustainable Materials,Nike Sportswear,Men's,2,$115 
Nike One Luxe,app1086,841,APP,Nike One Luxe Women's Mid-Rise Leggings,Sustainable Materials,Nike One Luxe,Men's,2,$115 
Nike Breathe Cool,app1087,538,APP,Chelsea F.C. 2020/21 Stadium Third,Chelsea F.C. 2020/21 Stadium Third Football Over-the-Calf Socks,Chelsea F.C. 2020/21 Stadium Third,Men's,2,$105 
NikeCourt,app1088,096,APP,NikeCourt Women's Tennis Jacket,NikeCourt,Women's Tennis Jacket,Women's,3,$170 
Nike Dri-FIT Get Fit,app1089,083,APP,Nike Dri-FIT Get Fit Women's Swoosh Training Crew,Nike Dri-FIT Get Fit,Women's Swoosh Training Crew,Women's,3,$165 
Nike Everyday Cushioned,app1090,495,APP,Nike Everyday Cushioned Training Ankle Socks (3 Pairs),Nike Everyday Cushioned,Training Ankle Socks (3 Pairs),Training,1,$105 
Nike Sportswear Essential,app1091,542,APP,Nike Sportswear Essential Women's Short-Sleeve Top,Sustainable Materials,Nike Sportswear Essential,Training,1,$125 
Nike Sportswear,app1092,130,APP,Nike Sportswear Women's Fleece Shorts,Nike Sportswear,Women's Fleece Shorts,Women's,3,$290 
Nike Air,app1093,663,APP,Nike Air Women's Mock Tank,Nike Air,Women's Mock Tank,Women's,3,$260 
Nike Air,app1094,127,APP,Nike Air Women's Running Top,Sustainable Materials,Nike Air,Men's,2,$160 
Nike Fast,app1095,084,APP,Nike Fast Women's Mid-Rise Crop Running Leggings,Nike Fast,Women's Mid-Rise Crop Running Leggings,Women's,3,$125 
Nike Sportswear Tech Pack,app1096,598,APP,Nike Sportswear Tech Pack Women's Woven Skirt,Sustainable Materials,Nike Sportswear Tech Pack,Men's,2,$125 
Nike Breathe Cool,app1097,766,APP,Nike Pro,Nike Pro Women's Mesh Tank,Nike Pro,Men's,2,$290 
Nike Breathe Cool,app1098,583,APP,Nike Breathe Cool Women's Running Tank (Plus size),Extended Sizes,Nike Breathe Cool,Men's,2,$260 
Nike Miler,app1099,371,APP,Nike Miler Women's Running Tank (Plus Size),Extended Sizes,Nike Miler,Men's,2,$160 
Nike Epic Fast Femme,app1100,879,APP,Nike Epic Fast Femme Women's Mid-Rise Crop Running Leggings,Sustainable Materials,Nike Epic Fast Femme,Men's,2,$115 
NikeCourt Advantage,app1101,143,APP,NikeCourt Advantage Women's Tennis Shorts,NikeCourt Advantage,Women's Tennis Shorts,Women's,3,$115 
Nike,app1102,617,APP,Nike Women's Short-Sleeve Running Top,Nike,Women's Short-Sleeve Running Top,Women's,3,$125 
Nike Sportswear Femme,app1103,526,APP,Nike Sportswear Femme Women's Shorts,Nike Sportswear Femme,Women's Shorts,Women's,3,$125 
Nike Racing,app1104,051,APP,Nike Racing Ankle Socks,Nike Racing,Ankle Socks,Training,1,$290 
Nike Victory Icon Clash,app1105,688,APP,Nike Victory Icon Clash Women's Medium-Support Non-Padded Sports Bra (Plus size),Extended Sizes,Nike Victory Icon Clash,Training,1,$260 
Inter Milan 2020/21 Stadium Home,app1106,739,APP,Inter Milan 2020/21 Stadium Home Over-the-Calf Football Socks,Inter Milan 2020/21 Stadium Home,Over-the-Calf Football Socks,Training,1,$160 
Nike Dri-FIT Indy,app1107,806,APP,Nike Dri-FIT Indy Women's Light-Support Padded Logo Sports Bra,Sustainable Materials,Nike Dri-FIT Indy,Training,1,$125 
Nike Everyday Cushioned,app1108,351,APP,Nike Everyday Cushioned Training Crew Socks (3 Pairs),Nike Everyday Cushioned,Training Crew Socks (3 Pairs),Training,1,$125 
Nike Icon Clash,app1109,238,APP,Nike Icon Clash Women's Shimmer Training Bodysuit,Sustainable Materials,Nike Icon Clash,Training,1,$290 
NikeCourt Dri-FIT,app1110,343,APP,NikeCourt Dri-FIT Women's Short-Sleeve Tennis Top,NikeCourt Dri-FIT,Women's Short-Sleeve Tennis Top,Women's,3,$260 
Nike Sportswear,app1111,091,APP,Nike Sportswear Women's Fleece Printed Crew,Nike Sportswear,Women's Fleece Printed Crew,Women's,3,$160 
Miami Heat City Edition,app1112,333,APP,Miami Heat City Edition Nike Pro NBA Cap,Miami Heat City Edition,Nike Pro NBA Cap,Men's,2,$115 
Nike Sportswear DNA,app1113,318,APP,Nike Sportswear DNA Women's Sleeveless Top,Nike Sportswear DNA,Women's Sleeveless Top,Women's,3,$115 
Nike Flex Victory,app1114,563,APP,Nike Flex Victory Women's 13cm (approx.) Golf Shorts,Nike Flex Victory,Women's 13cm (approx.) Golf Shorts,Women's,3,$115 
Nike Fly Crossover,app1115,299,APP,Nike Fly Crossover Women's Printed Basketball Shorts,Nike Fly Crossover,Women's Printed Basketball Shorts,Women's,3,$115 
Nike Club Skirt,app1116,580,APP,Nike Club Skirt Women's Regular Golf Skirt,Sustainable Materials,Nike Club Skirt,Men's,2,$115 
Nike One,app1117,094,APP,Nike One Women's Mid-Rise Crop Leggings,Nike One,Women's Mid-Rise Crop Leggings,Women's,3,$105 
Nike Swoosh Run,app1118,292,APP,Nike Swoosh Run Women's Running Tank,Nike Swoosh Run,Women's Running Tank,Women's,3,$170 
Nike Dri-FIT UV Victory,app1119,709,APP,Nike Dri-FIT UV Victory Women's Full-Zip Golf Top,Nike Dri-FIT UV Victory,Women's Full-Zip Golf Top,Women's,3,$165 
Nike Sportswear Heritage,app1120,280,APP,Nigeria 2020 Stadium Home,Nigeria 2020 Stadium Home Women's Football Shirt,Sustainable Materials,Training,1,$105 
Nike Sportswear Heritage,app1121,245,APP,Nike Sportswear Essential,Nike Sportswear Essential Women's Funnel-Neck Fleece Pullover Hoodie,Nike Sportswear Essential,Training,1,$125 
Nike Air,app1122,737,APP,Nike Air Women's Fleece Shorts,Nike Air,Women's Fleece Shorts,Training,1,$290 
Nike Spark Lightweight,app1123,248,APP,Nike Spark Lightweight Over-The-Calf Compression Running Socks,Nike Spark Lightweight,Over-The-Calf Compression Running Socks,Training,1,$260 
Nike Sportswear Leg-A-See,app1124,626,APP,Nike Sportswear Leg-A-See Women's High-Waisted Leggings,Nike Sportswear Leg-A-See,Women's High-Waisted Leggings,Training,1,$160 
F.C. Barcelona 2020/21 Stadium Third,app1125,392,APP,F.C. Barcelona 2020/21 Stadium Third Football Over-the-Calf Socks,F.C. Barcelona 2020/21 Stadium Third,Football Over-the-Calf Socks,Men's,2,$125 
Nike Sportswear Essential,app1126,865,APP,Nike Sportswear Essential Women's Tank,Nike Sportswear Essential,Women's Tank,Women's,3,$125 
Nike Sportswear Trend,app1127,414,APP,Nike Sportswear Trend Women's Fleece Trousers (Plus size),Extended Sizes,Nike Sportswear Trend,Men's,2,$290 
Nike Pro,app1128,436,APP,Nike Pro Women's Hoodie,Nike Pro,Women's Hoodie,Women's,3,$260 
Nike Sportswear Gym Vintage,app1129,538,APP,Nike Sportswear Gym Vintage Women's Trousers,Nike Sportswear Gym Vintage,Women's Trousers,Women's,3,$160 
Nike Pro,app1130,418,APP,Nike Pro Women's Short-Sleeve Training Top,Nike Pro,Women's Short-Sleeve Training Top,Women's,3,$115 
Nike ESC,app1131,602,APP,Nike ESC Women's Cardigan,Nike ESC,Women's Cardigan,Women's,3,$115 
Nike Sportswear Heritage,app1132,742,APP,Nike Swoosh Luxe,Nike Swoosh Luxe Women's Medium-Support Padded Longline Sports Bra,Nike Swoosh Luxe,Men's,2,$125 
Nike Sportswear Heritage,app1133,349,APP,Nike Sportswear Heritage Women's Tank,Nike Sportswear Heritage,Women's Tank,Women's,3,$125 
Paris Saint-Germain,app1134,909,APP,Paris Saint-Germain Women's Short-Sleeve T-Shirt,Paris Saint-Germain,Women's Short-Sleeve T-Shirt,Women's,3,$290 
Nike Everyday Lightweight,app1135,685,APP,Nike Everyday Lightweight Training No-Show Socks (3 Pairs),Nike Everyday Lightweight,Training No-Show Socks (3 Pairs),Training,1,$260 
Nike F.C. Dri-FIT,app1136,556,APP,Nike F.C. Dri-FIT Women's Woven Football Shorts,Nike F.C. Dri-FIT,Women's Woven Football Shorts,Women's,3,$160 
Nike Sportswear Essential,app1137,172,APP,Nike Sportswear Essential Women's Dress,Sustainable Materials,Nike Sportswear Essential,Training,1,$125 
Nike Strike Winter Warrior,app1138,768,APP,Nike Strike Winter Warrior Snood,Nike Strike Winter Warrior,Snood,Women's,3,$125 
Nike Yoga Dri-FIT Indy,app1139,989,APP,Nike Yoga Dri-FIT Indy Women's Light-Support Padded Crochet Edge Sports Bra,Sustainable Materials,Nike Yoga Dri-FIT Indy,Training,1,$290 
Nike Dri-FIT Academy,app1140,138,APP,Nike Dri-FIT Academy Women's Football Trousers,Sustainable Materials,Nike Dri-FIT Academy,Training,1,$260 
Poland 2020 Stadium Home,app1141,415,APP,Poland 2020 Stadium Home Over-the-Calf Football Socks,Poland 2020 Stadium Home,Over-the-Calf Football Socks,Training,1,$160 
Nike Air,app1142,168,APP,Nike Air Women's Crew (Plus size),Extended Sizes,Nike Air,Men's,2,$115 
Nike ESC,app1143,016,APP,Nike ESC Women's Knit Wrap Top,Nike ESC,Women's Knit Wrap Top,Women's,3,$115 
Nike Dri-FIT Academy,app1144,977,APP,Croatia 2020 Stadium Home,Croatia 2020 Stadium Home Women's Football Shirt,Croatia 2020 Stadium Home,Training,1,$115 
Nike Dri-FIT Academy,app1145,542,APP,Nike Epic Fast,Nike Epic Fast Women's Mid-Rise Running Leggings,Sustainable Materials,Training,1,$115 
Jordan Essentials,app1146,836,APP,Jordan Essentials Women's Graphic T-Shirt,Jordan Essentials,Women's Graphic T-Shirt,Women's,3,$115 
Nike Heritage,app1147,335,APP,Nike Heritage Socks (2 Pairs),Nike Heritage,Socks (2 Pairs),Training,1,$105 
Nike Everyday Plus Lightweight,app1148,806,APP,Nike Everyday Plus Lightweight Training Ankle Socks (3 Pairs),Nike Everyday Plus Lightweight,Training Ankle Socks (3 Pairs),Training,1,$170 
Nike Squad,app1149,466,APP,Nike Squad Football Knee-High Socks,Nike Squad,Football Knee-High Socks,Women's,3,$165 
Nike Dri-FIT Academy,app1150,347,APP,Nike One Luxe,Nike One Luxe Women's Mid-Rise Leggings,Sustainable Materials,Men's,2,$105 
Nike Dri-FIT Academy,app1151,663,APP,WNBA Logo,WNBA Logo Nike ACG Short-Sleeve T-Shirt,WNBA Logo,Women's,3,$125 
Nike Sportswear Femme,app1152,856,APP,Nike Sportswear Femme Women's Collared Crop Top,Nike Sportswear Femme,Women's Collared Crop Top,Women's,3,$290 
Nike ESC,app1153,493,APP,Nike ESC Women's Filled Jacket,Nike ESC,Women's Filled Jacket,Women's,3,$260 
Nike Dri-FIT Academy,app1154,878,APP,Nike Sportswear Essential,Nike Sportswear Essential Women's High-Waisted Leggings (Plus size),Extended Sizes,Training,1,$160 
Nike Dri-FIT Academy,app1155,024,APP,Nike Dri-FIT Academy Women's Knit Football Tracksuit,Sustainable Materials,Nike Dri-FIT Academy,Training,1,$125 
NikeCourt Victory,app1156,644,APP,NikeCourt Victory Women's Tennis Skirt (Plus Size),Extended Sizes,NikeCourt Victory,Training,1,$125 
Nike Dri-FIT UV Victory,app1157,812,APP,Nike Dri-FIT UV Victory Women's Golf Skirt,Nike Dri-FIT UV Victory,Women's Golf Skirt,Women's,3,$290 
Nike Sportswear,app1158,866,APP,Nike Sportswear Women's Printed T-Shirt,Nike Sportswear,Women's Printed T-Shirt,Women's,3,$260 
Nike Sportswear,app1159,101,APP,Nike Sportswear Women's Washed Hoodie (Plus Size),Extended Sizes,Nike Sportswear,Women's,3,$160 
Nike Sportswear Tech Pack,app1160,001,APP,Nike Sportswear Tech Pack Women's Trousers,Nike Sportswear Tech Pack,Women's Trousers,Women's,3,$115 
Nike Sportswear Tech Pack,app1161,854,APP,Paris Saint-Germain 2020/21 Stadium Third,Paris Saint-Germain 2020/21 Stadium Third Football Over-the-Calf Socks,Paris Saint-Germain 2020/21 Stadium Third,Training,1,$115 
England 2020 Stadium Away,app1162,217,APP,England 2020 Stadium Away Women's Football Shirt,Sustainable Materials,England 2020 Stadium Away,Training,1,$125 
England 2020 Stadium Away,app1163,690,APP,Nike Sportswear Tech Knit,Nike Sportswear Tech Knit Women's Cropped Tank,Nike Sportswear Tech Knit,Training,1,$125 
Nike Favourites,app1164,518,APP,Nike Favourites Women's Light-Support Sports Padded Strappy Bra,Sustainable Materials,Nike Favourites,Training,1,$290 
Nike Sportswear Essential,app1165,094,APP,Nike Sportswear Essential Crew Socks (3 Pairs),Nike Sportswear Essential,Crew Socks (3 Pairs),Men's,2,$260 
Atl茅tico de Madrid 2020/21 Stadium Away,app1166,423,APP,Atl茅tico de Madrid 2020/21 Stadium Away Over-the-Calf Socks,Atl茅tico de Madrid 2020/21 Stadium Away,Over-the-Calf Socks,Men's,2,$160 
Nike Sportswear Windrunner,app1167,856,APP,Nike Sportswear Windrunner Women's Zip-Up,Sustainable Materials,Nike Sportswear Windrunner,Men's,2,$125 
Nike Sportswear Windrunner,app1168,636,APP,Nike Sportswear Swoosh,Nike Sportswear Swoosh Women's Dress,Nike Sportswear Swoosh,Men's,2,$125 
Nike Sportswear,app1169,338,APP,Nike Sportswear Women's Dance Fleece Crew,Nike Sportswear,Women's Dance Fleece Crew,Women's,3,$290 
Nike Sportswear,app1170,179,APP,Nike Sportswear Women's Dress,Sustainable Materials,Nike Sportswear,Men's,2,$260 
Nike One,app1171,258,APP,Nike One Women's Mid-Rise Crop Leggings (Plus Size),Nike One,Women's Mid-Rise Crop Leggings (Plus Size),Women's,3,$160 
Nike Air,app1172,509,APP,Nike Air Women's Woven Trousers (Plus Size),Extended Sizes,Nike Air,Women's,3,$115 
Nike Yoga,app1173,580,APP,Nike Yoga Women's Short-Sleeve Top (Plus Size),Extended Sizes,Nike Yoga,Women's,3,$115 
NikeCourt Dri-FIT Victory,app1174,973,APP,NikeCourt Dri-FIT Victory Women's Short-Sleeve Tennis Top (Plus Size),Extended Sizes,NikeCourt Dri-FIT Victory,Training,1,$115 
Nike Sportswear,app1175,822,APP,Nike Sportswear Women's Cropped Dance T-Shirt,Nike Sportswear,Women's Cropped Dance T-Shirt,Women's,3,$115 
Portugal 2020 Stadium Away,app1176,312,APP,Portugal 2020 Stadium Away Football Over-the-Calf Socks,Portugal 2020 Stadium Away,Football Over-the-Calf Socks,Training,1,$115 
Nike Sportswear,app1177,237,APP,Nike Sportswear Women's Long-Sleeve Top,Nike Sportswear,Women's Long-Sleeve Top,Women's,3,$105 
NikeCourt Victory,app1178,339,APP,NikeCourt Victory Women's Tennis Skirt,NikeCourt Victory,Women's Tennis Skirt,Women's,3,$170 
Nike ESC,app1179,072,APP,Nike ESC Women's Tailored Sneaker Trousers,Nike ESC,Women's Tailored Sneaker Trousers,Training,1,$165 
Nike ESC,app1180,745,APP,Nike Sportswear Advance 15,Nike Sportswear Advance 15 Women's Knit Jacket,Nike Sportswear Advance 15,Training,1,$105 
Nike ESC,app1181,238,APP,Nike,Nike Women's Swoosh Logo T-Shirt,Nike,Women's,3,$115 
Nike Dri-FIT Indy,app1182,561,APP,Nike Dri-FIT Indy Women's Light-Support Padded Convertible Sports Bra,Nike Dri-FIT Indy,Women's Light-Support Padded Convertible Sports Bra,Women's,3,$115 
Nike Sportswear Essential Collection,app1183,131,APP,Nike Sportswear Essential Collection Women's Fleece Trousers,Nike Sportswear Essential Collection,Women's Fleece Trousers,Men's,2,$115 
Nike ESC,app1184,654,APP,Nike ESC Women's Cardigan,Nike ESC,Women's Cardigan,Women's,3,$115 
Nike Pro,app1185,153,APP,NikeCourt Victory,NikeCourt Victory Women's Tennis Tank (Plus Size),Extended Sizes,Training,1,$115 
Nike Pro,app1186,506,APP,Nike Pro Women's Shelf-Bra Tank,Sustainable Materials,Nike Pro,Women's,3,$105 
Nike Standard Issue Swoosh Fly,app1187,627,APP,Nike Standard Issue Swoosh Fly Women's Basketball Shorts,Nike Standard Issue Swoosh Fly,Women's Basketball Shorts,Women's,3,$170 
Nike Sportswear Tech Pack,app1188,527,APP,Nike Sportswear Tech Pack Women's Jacket,Nike Sportswear Tech Pack,Women's Jacket,Women's,3,$165 
Nike Sportswear Swoosh,app1189,763,APP,Nike Miler,Nike Miler Women's Short-Sleeve Running Top,Nike Miler,Training,1,$105 
Nike Sportswear Swoosh,app1190,455,APP,Nike Sportswear Swoosh Women's Crew,Nike Sportswear Swoosh,Women's Crew,Training,1,$115 
Nike Breathe,app1191,910,APP,Nike Breathe Women's Printed Golf Polo,Nike Breathe,Women's Printed Golf Polo,Women's,3,$115 
NikeCourt Multiplier Cushioned,app1192,386,APP,NikeCourt Multiplier Cushioned Tennis Crew Socks (2 Pairs),NikeCourt Multiplier Cushioned,Tennis Crew Socks (2 Pairs),Training,1,$115 
NikeCourt Advantage,app1193,954,APP,NikeCourt Advantage Women's Pleated Tennis Skirt,NikeCourt Advantage,Women's Pleated Tennis Skirt,Women's,3,$115 
Nike AeroSwift,app1194,186,APP,Nike AeroSwift Women's Running Crop Top,Sustainable Materials,Nike AeroSwift,Men's,2,$115 
Nike Everyday Lightweight,app1195,714,APP,Nike Everyday Lightweight Women's Training Footie Socks (3 Pairs),Nike Everyday Lightweight,Women's Training Footie Socks (3 Pairs),Women's,3,$105 
Nike Yoga,app1196,070,APP,Nike Yoga Women's High-Waisted 7/8 Novelty Leggings,Sustainable Materials,Nike Yoga,Men's,2,$170 
Nike Sportswear,app1197,839,APP,Nike Sportswear Women's Fleece Pullover (Plus Size),Extended Sizes,Nike Sportswear,Women's,3,$165 
Nike Sportswear Swoosh,app1198,801,APP,Nike Sportswear Swoosh Women's Short-Sleeve Top,Nike Sportswear Swoosh,Women's Short-Sleeve Top,Training,1,$105 
Nike One,app1199,684,APP,Nike One Women's Mid-Rise Colour-Block Leggings (Plus Size),,,Women's,3,$115 
Extended Sizes,app1200,855,APP,Nike One,,,Men's,2,$115 
Nike Sportswear,app1201,096,APP,Nike Sportswear Women's Long-Sleeve Mock T-Shirt,Nike Sportswear,Women's Long-Sleeve Mock T-Shirt,Women's,3,$105 
Nike Yoga Luxe,app1202,172,APP,Nike Yoga Luxe Women's Infinalon Crop Top,Nike Yoga Luxe,Women's Infinalon Crop Top,Women's,3,$170 
Nike Sportswear Essential,app1203,507,APP,Nike Sportswear Essential Women's Fleece Crew,Nike Sportswear Essential,Women's Fleece Crew,Training,1,$165 
Nike Sportswear Icon Clash,app1204,964,APP,Nike Sportswear Icon Clash Women's Shorts (Plus size),Extended Sizes,Nike Sportswear Icon Clash,Training,1,$105 
Nike Sportswear Icon Clash,app1205,868,APP,Nike Sportswear Icon Clash Women's Cargo Trousers,Black/Dark Smoke Grey,Coconut Milk/White,Training,1,$105 
Nike Sportswear Icon Clash,app1206,337,APP,Nike Air,Nike Air Women's Woven Trousers,Nike Air,Women's,3,$105 
Nike Sportswear Tech Fleece,app1207,807,APP,Nike Sportswear Tech Fleece Women's Crew,,,Women's,3,$105 
